agent,trial,episode,reward,acceptance_rate,mean_cpu_utilization,mean_memory_utilization,mean_bandwidth_utilization,mean_operating_servers
PPO,0,0,264556.7340926225,0.13341346153846154,0.00024982650823731885,0.001263420019942752,0.0003821347632707237,0.9707602339181286
PPO,0,1,202034.5717534926,0.37073170731707317,0.00021081110352570316,0.0008970795206392075,0.0002717368208334375,0.8577319587628865
PPO,0,2,130888.42727177887,0.31076923076923074,0.00016535170376511365,0.0009294031063707624,0.000240817058267543,0.8616891064871481
PPO,0,3,381745.0635588178,0.12850467289719625,0.00024599507769229486,0.001327283987882952,0.0004867349061717466,0.9902840059790733
PPO,0,4,275039.64816365787,0.184,0.0001786467547593453,0.0012893365322509287,0.00038473143885817904,0.9744744744744744
PPO,0,5,201369.9571265419,0.23271889400921658,0.00012949814318068676,0.0011146297765453558,0.000326048021113115,0.9299655568312285
PPO,0,6,319945.9610503087,0.1843687374749499,0.00021813052168937334,0.0012006974317884174,0.0004119777257241396,0.973421926910299
PPO,0,7,122976.66903259441,0.3333333333333333,0.00010272035602875404,0.0008970597384268275,0.00022593032658751587,0.8586572438162544
PPO,0,8,156584.4457362432,0.3511450381679389,0.00015259801894256482,0.0009412698380475026,0.0002495337795653373,0.8464052287581699
PPO,0,9,278054.27434056415,0.16666666666666666,0.0002762202168566362,0.0012385946338964921,0.0003795988993844746,0.9490445859872612
PPO,0,10,175311.55446642774,0.32264150943396225,0.00014892048889115526,0.001024200978109467,0.00028187865782516484,0.8967013888888888
PPO,0,11,295293.1929542287,0.19117647058823528,0.00016940228679659068,0.0011594505324706704,0.00037447566786648557,0.9464285714285714
PPO,0,12,194893.61872160647,0.20865533230293662,0.00019759299856807248,0.0011135392356890162,0.0002973880771717751,0.9258957654723127
PPO,0,13,344608.5070769694,0.20722135007849293,0.00013548454301599955,0.001221318253696232,0.00043320716836225964,0.9655172413793104
PPO,0,14,343467.7487522874,0.134375,0.00015429067298353087,0.0013840592939056364,0.00042727088386612774,0.9740820734341252
PPO,0,15,173633.46124958812,0.26908396946564883,0.00018383245238067113,0.0010745973226211996,0.00030436164342319066,0.9230769230769231
PPO,0,16,334594.6344440505,0.1371841155234657,0.00025315662977809343,0.0012800832420882986,0.00043537514553016425,0.9691160809371672
PPO,0,17,275763.90986836527,0.15675675675675677,0.00029194209000178587,0.0012375082841642273,0.0003846469967286334,0.9568627450980393
PPO,0,18,167334.14791243942,0.34352941176470586,0.00013530086880048848,0.0009798586322195381,0.00027713154822443895,0.884272997032641
PPO,0,19,269792.51275112265,0.19753086419753085,0.00021088048352095555,0.0011609146169271377,0.0003687698054984263,0.9565217391304348
PPO,1,0,178232.1907726636,0.29322268326417705,0.00023546691344359408,0.0014296092658091129,0.00037450069836125033,0.9644218551461246
PPO,1,1,387013.2216197882,0.13974358974358975,0.0001790551260995725,0.001726824169348663,0.0005547176977536901,0.9967923015236567
PPO,1,2,173963.79211897962,0.3623853211009174,0.00026219028549978113,0.00130792335660159,0.00032556488551941016,0.9243856332703214
PPO,1,3,293127.42053989164,0.20179372197309417,0.000430568768299207,0.001658422854916167,0.00044318794869331433,0.9896640826873385
PPO,1,4,148558.3978484563,0.38144329896907214,0.00022982919895486717,0.0013046362429467687,0.00034471055126709824,0.9285714285714286
PPO,1,5,212439.50326856843,0.24783147459727387,0.00036235690646077475,0.0014779788274735643,0.0003860380538611265,0.9572490706319703
PPO,1,6,414931.1550531443,0.09131905298759865,0.00021491625249205773,0.0018446212217026366,0.0005935747980174733,0.9991883116883117
PPO,1,7,345891.6775849772,0.19418758256274768,0.00022684161471309022,0.0016319353107551384,0.0005050113682132854,0.9934402332361516
PPO,1,8,324058.77309940377,0.13443396226415094,0.00029184617114113193,0.001717424044003467,0.00048185378346329253,0.9909365558912386
PPO,1,9,373651.32591710717,0.2160392798690671,0.0002841135766924906,0.0016451858193483172,0.000567017567295094,0.9926672777268561
PPO,1,10,183001.54294528737,0.42292490118577075,0.00017576812378470127,0.0012126169625217423,0.00030996952807889474,0.8945736434108527
PPO,1,11,343793.45016016345,0.28936170212765955,0.00029619455707986553,0.0015406337726647555,0.000483758046969144,0.9870410367170627
PPO,1,12,312190.39283464325,0.2393026941362916,0.0003427263169464054,0.0016063475268900283,0.0004890272381698231,0.9842323651452282
PPO,1,13,114297.40910839813,0.48333333333333334,0.00020559483436720152,0.0010162908094990862,0.00022303824205608622,0.8192771084337349
PPO,1,14,157168.0458715706,0.37528604118993136,0.00016894114644086853,0.001259685935819835,0.00031303929089572877,0.9025641025641026
PPO,1,15,296879.01937156817,0.12345679012345678,0.00023642504689802283,0.0017069917402428622,0.00048513937236366555,0.9877785765636233
PPO,1,16,380516.1917194116,0.1265678449258837,0.00035865822559543587,0.0016252251225274993,0.0005671913697024178,0.9903181189488244
PPO,1,17,216517.99027217095,0.41346153846153844,0.0001805784681765704,0.0012296577656069059,0.000329013765006863,0.9208333333333333
PPO,1,18,319018.2385802789,0.2511013215859031,0.00034690549083596947,0.0016054035944756068,0.00044631988820523596,0.9861431870669746
PPO,1,19,122594.0892304138,0.39346811819595645,0.0002520532592996502,0.0012665538395890668,0.0003120028212532218,0.9180977542932629
PPO,2,0,384525.9737066368,0.2921686746987952,0.00032600884948583213,0.0018033184289218583,0.0005303425974335932,0.9818731117824774
PPO,2,1,180764.02710977805,0.4529262086513995,0.0002528855428121859,0.001290439332327683,0.0003069765308122261,0.8861386138613861
PPO,2,2,377545.94933331036,0.17570093457943925,0.0003894117409098851,0.0019095311259163359,0.0005512229134151258,0.9968287526427061
PPO,2,3,439243.44084335654,0.26492537313432835,0.00038847789912204085,0.0018214489118876956,0.0005912283984932772,0.9920343137254902
PPO,2,4,335261.43213909137,0.2560386473429952,0.00037667422862979914,0.0017192531985357187,0.0004900676489210131,0.9811097992916175
PPO,2,5,409937.00279355433,0.19406392694063926,0.0002149354629812034,0.001886482709109956,0.0005695934873675504,0.9935567010309279
PPO,2,6,266816.4806728235,0.2605042016806723,0.0002761445244747809,0.001639884520462997,0.00041884517819825557,0.9652375434530707
PPO,2,7,269851.1831449021,0.25705329153605017,0.00030046665266376715,0.0016808399244447338,0.0003643773059937659,0.957345971563981
PPO,2,8,167163.34911868718,0.34801762114537443,0.0001677721250595964,0.0014718127402906522,0.0002899927521511229,0.9044117647058824
PPO,2,9,447073.54474159726,0.24469820554649266,0.0003721756038067965,0.001802151873729645,0.0005638936791494769,0.9914965986394558
PPO,2,10,320370.27978585486,0.20833333333333334,0.0002845188929472167,0.0016939530247512041,0.0004438584291595801,0.967982924226254
PPO,2,11,193234.38530220024,0.32217573221757323,0.0003348923882518107,0.0015273080158656079,0.00031490609235890074,0.944337811900192
PPO,2,12,127302.41633332321,0.5802469135802469,0.00012582552917206962,0.0011724284461706222,0.0002690635938840195,0.8604651162790697
PPO,2,13,287572.2386293567,0.4035532994923858,0.00023647700169176713,0.0015288217118918767,0.00041633313869430334,0.95092693565976
PPO,2,14,150219.44727462868,0.47293447293447294,0.00020768284894023592,0.0013377407138613895,0.00029878201763285436,0.89749430523918
PPO,2,15,407497.8788277896,0.24098867147270855,0.00025124013095105367,0.0017996795570956868,0.0005445440270596849,0.9902386117136659
PPO,2,16,404576.09337216406,0.24643584521384929,0.00030211154159965,0.0018185831110154149,0.0005473244325006971,0.9872151195108394
PPO,2,17,152704.89125619328,0.512,0.00029861125705414235,0.0011954759925683672,0.0002922521073928609,0.8780120481927711
PPO,2,18,548809.5213569887,0.11477272727272728,0.00045796470165076895,0.0020387385967172286,0.0007137249287269797,0.9962490622655664
PPO,2,19,276111.45452358725,0.30329289428076256,0.00033902275140188035,0.0015858634116689158,0.0004062179510643334,0.9618889809444905
PPO,3,0,247584.1782763378,0.11928934010152284,5.8800819188254814e-05,0.0007162681891863365,0.00032045478042231306,0.8890675241157556
PPO,3,1,81580.59599067754,0.13108614232209737,5.432977237938931e-05,0.00037235929018107584,0.00015228098391725025,0.6780258519388954
PPO,3,2,34377.51782715409,0.1105121293800539,4.137689223491442e-05,0.00020896510773644856,0.00010687021743772585,0.5042444821731749
PPO,3,3,146369.89029105732,0.1335149863760218,4.408757458800027e-05,0.0004785554394514492,0.00022861884163443834,0.7551401869158878
PPO,3,4,102629.63492222976,0.288,5.5088657618861444e-05,0.000606578465803955,0.00021673223723220683,0.7901234567901234
PPO,3,5,134992.6136953981,0.0670391061452514,6.341535716026537e-05,0.0003371421591908966,0.00017718246427918656,0.750524109014675
PPO,3,6,102699.03599492267,0.19117647058823528,4.847496683080312e-05,0.0004557927308452571,0.00017504390559889497,0.7033492822966507
PPO,3,7,54216.29394010955,0.06209150326797386,3.4463917042297925e-05,0.00018552854379023963,0.00011169765318949632,0.45913461538461536
PPO,3,8,19210.955193533468,0.11158798283261803,3.0083588735113862e-05,0.0002203608118004877,9.941612186918439e-05,0.44722222222222224
PPO,3,9,169407.3462426289,0.16447368421052633,5.946701448238464e-05,0.0007109749730194933,0.0002389383410700888,0.859375
PPO,3,10,115339.00515542248,0.042682926829268296,5.1692635828169906e-05,0.0003203072962738277,0.0001533065268657852,0.7130518234165067
PPO,3,11,156531.21563886557,0.0539053905390539,6.574578675601583e-05,0.0005070297320727695,0.00020332672986391771,0.7938237965485921
PPO,3,12,318409.89568700443,0.09208103130755065,7.653282876904558e-05,0.0006891523856032678,0.00033985719680149773,0.9703225806451613
PPO,3,13,289476.26767035824,0.043149946062567425,0.00011120476614432789,0.0009470127491340642,0.0003367685730049054,1.2545931758530184
PPO,3,14,70848.80497269165,0.06091370558375635,3.5155284008352275e-05,0.00020569399755490295,0.00011753591903010021,0.5019455252918288
PPO,3,15,189221.0613912896,0.14128440366972478,5.711662833913964e-05,0.0006357099523013083,0.0002684437524735866,0.8245614035087719
PPO,3,16,90222.50174531052,0.05239179954441914,4.949249855819158e-05,0.0003819208531428011,0.00016114947696966488,0.6547231270358306
PPO,3,17,289841.7543144548,0.08607594936708861,6.253028178649725e-05,0.000976728912705264,0.00034912424244773314,1.036231884057971
PPO,3,18,171636.73043023606,0.10320284697508897,6.135632669523862e-05,0.000523476140089167,0.00021331678365295862,0.8389610389610389
PPO,3,19,88506.29138069497,0.1678832116788321,5.2645108429484285e-05,0.000523345672862801,0.00017470406509007252,0.7422037422037422
PPO,4,0,237742.70629576177,0.3621621621621622,0.00030469773353203436,0.0015372706224125805,0.00035365006581756717,0.9414634146341463
PPO,4,1,432392.54381378967,0.17623762376237623,0.00040216946569095614,0.0018410267202389299,0.000550417215966969,0.9943310657596371
PPO,4,2,393938.8129041501,0.18305597579425115,0.0004591147717410392,0.0018431798717886846,0.0005459017092088978,0.9918500407497962
PPO,4,3,383762.85488721123,0.24830699774266365,0.0003943238315037277,0.0018402705677833286,0.0005642246472842654,0.991822429906542
PPO,4,4,298624.4695611314,0.3892307692307692,0.00040645108980250197,0.0016306325267934586,0.00047502203820584666,0.9769647696476965
PPO,4,5,324568.8594065748,0.1840228245363766,0.00032153228178262064,0.0018273305557600053,0.00045118803257920766,0.985593220338983
PPO,4,6,212927.2883759489,0.41818181818181815,0.0002619085711207976,0.0013411622853448945,0.00033880223280367334,0.9233082706766917
PPO,4,7,320972.0752503827,0.1916243654822335,0.00031164976102181696,0.0018495453462186648,0.0004889948436969696,0.9843633655994043
PPO,4,8,333596.45529879455,0.2065378900445765,0.0003544719287723499,0.001788342949986923,0.000493075009204413,0.989202657807309
PPO,4,9,433711.87157404044,0.13005780346820808,0.00036048235002354164,0.0019621033117314013,0.0005741343545979918,0.9953703703703703
PPO,4,10,270692.305948967,0.24324324324324326,0.0003784948293822088,0.0016460029167355088,0.00040341898644244493,0.9512195121951219
PPO,4,11,366895.6688902598,0.26545454545454544,0.0003396091674699902,0.0017881866606945117,0.0005536409002564605,0.9859894921190894
PPO,4,12,75638.06182063367,0.7829457364341085,0.0001617277807749623,0.0009148015048441357,0.00022418799259825287,0.7974683544303798
PPO,4,13,260052.4826248607,0.24006622516556292,0.0003450479213246963,0.0017087274070422777,0.0004151654899607618,0.9715271786022434
PPO,4,14,297492.573079734,0.33663366336633666,0.0001715421991083702,0.001550659223469379,0.00039351650609664734,0.9575418994413408
PPO,4,15,345155.76423087966,0.2,0.0002173329995332749,0.001863403908894962,0.0004647447243077141,0.9916247906197655
PPO,4,16,327529.60358904605,0.2783333333333333,0.00028967837888078967,0.0016870129217249506,0.0004552348659328011,0.969140950792327
PPO,4,17,117803.33169240723,0.516629711751663,0.0001841140302623055,0.0011860554918334727,0.0002718936360326716,0.864908073541167
PPO,4,18,374964.9209199139,0.17787114845938376,0.0004785024152820299,0.001869843222186507,0.0004964341337883278,0.9913725490196078
PPO,4,19,349338.4330125328,0.2287878787878788,0.0004978755585214567,0.0017881885873082912,0.0004922003857940457,0.983739837398374
PPO,5,0,241277.93052571022,0.34911242603550297,0.00017483155751738962,0.0013586964819543273,0.00036527312272910487,0.931129476584022
PPO,5,1,237694.31773975427,0.2512315270935961,0.00027781438710455233,0.0015231431776266849,0.0004246269925740623,0.9683890577507599
PPO,5,2,416475.55205256003,0.1368421052631579,0.00046800297080146593,0.0017884019304821,0.0005708493335240491,0.9952015355086372
PPO,5,3,302870.6880317113,0.1645021645021645,0.00030893428334548756,0.0015476218702727988,0.00044570982685675166,0.9825291181364393
PPO,5,4,212194.61317477375,0.33094812164579607,0.00021631808542281982,0.0013118065583705616,0.00034630189322983637,0.9217830109335576
PPO,5,5,257281.46006242448,0.2782608695652174,0.00024140258912542053,0.0014636495472217092,0.00041795047502203966,0.9643605870020965
PPO,5,6,203600.7082548388,0.3783783783783784,0.00023249401947021475,0.0012689598338045216,0.00032620408001669886,0.9008547008547009
PPO,5,7,375697.56434204977,0.13789473684210526,0.0004287713509295782,0.0017565996148392771,0.000527554288151952,0.9913448735019973
PPO,5,8,435560.60890450154,0.18631178707224336,0.00037252636586731786,0.0016675347702820348,0.000572308259997584,0.9866220735785953
PPO,5,9,368882.81343225116,0.15471698113207547,0.0002580815426136547,0.0017039189884249792,0.00048198441322607643,0.9932203389830508
PPO,5,10,359920.94831852755,0.19491525423728814,0.00022411687964524646,0.0016245442994575496,0.0005304378948609694,0.9908987485779295
PPO,5,11,425901.1979457959,0.09109109109109109,0.00036627310068407975,0.0018086574943367228,0.0005700842693662974,0.9964763918252291
PPO,5,12,405580.97480842157,0.1654275092936803,0.00030420001703814257,0.0016594816527839714,0.0005368858543142743,0.9857142857142858
PPO,5,13,506436.52428480965,0.16853932584269662,0.00033761049987673247,0.0017136603559124253,0.0006065664824714962,0.9977997799779978
PPO,5,14,275858.128662424,0.20284237726098192,0.0003378237947075391,0.0016015775742804972,0.0004600630860282323,0.981081081081081
PPO,5,15,218583.07711552593,0.34838709677419355,0.00021639791396635438,0.0012484305925681382,0.0003103938713499407,0.8897435897435897
PPO,5,16,371403.9704426907,0.14096016343207354,0.00017911087178017603,0.00173357701883483,0.0005570055060074716,0.9919103920348475
PPO,5,17,164266.4123062356,0.3256578947368421,0.00023911982150664327,0.0012994192573311007,0.00030525257485448985,0.9202363367799113
PPO,5,18,161959.4689528569,0.4,0.00017174455145957493,0.001223539304450874,0.00029809441956202336,0.9063205417607223
PPO,5,19,399571.67302901053,0.1416490486257928,0.00025974410607782086,0.0017329717590183168,0.0005570370642447279,0.988793671720501
PPO,6,0,462307.9048615568,0.15494791666666666,0.0005741694772508941,0.0023608356759644484,0.0006421779749379146,0.9968503937007874
PPO,6,1,442957.5549373595,0.2524850894632207,0.0004314714909553006,0.002181399997882991,0.0005946586850833029,0.9934711643090316
PPO,6,2,326305.17609178263,0.27202472952086554,0.000267068603071445,0.002093579401398859,0.0005121056122580667,0.9860681114551083
PPO,6,3,298713.42359680164,0.4485294117647059,0.00030491924304126394,0.001868251810581856,0.0004686050573956731,0.9650537634408602
PPO,6,4,361125.1041661702,0.2651331719128329,0.00036503611530740247,0.0021336856812163296,0.0005309164437890868,0.9831606217616581
PPO,6,5,338114.00404348294,0.39473684210526316,0.0003386427876252527,0.001896474512624317,0.00046078553774900707,0.9741379310344828
PPO,6,6,275215.0739140448,0.36875,0.0002784916185653958,0.0017952801301749546,0.0004192675918960937,0.9530386740331491
PPO,6,7,371963.0165168612,0.33147632311977715,0.0004031109397807635,0.0020049461083492493,0.0005251901844559401,0.9884910485933504
PPO,6,8,362271.9603416182,0.17521902377972465,0.0004492097125126285,0.0022901942817261716,0.0005441607882861625,0.9955686853766618
PPO,6,9,282960.84599441994,0.28735632183908044,0.0003334255738122685,0.0020368569877902668,0.00046747200572336544,0.9838601210490922
PPO,6,10,378100.110638134,0.2924187725631769,0.0005762957666718966,0.0020775230708857625,0.0005443362605745983,0.9867139061116031
PPO,6,11,360274.3956156078,0.32248939179632247,0.00043100193568525885,0.0021490632167552393,0.0005294293275872372,0.9922027290448343
PPO,6,12,374169.3478858661,0.2726063829787234,0.000717988950088163,0.0021878042976168368,0.0005232789990295924,0.99322951929587
PPO,6,13,352280.31386188435,0.408130081300813,0.0004593428832315449,0.0019592773764498554,0.0005126043678905689,0.983357452966715
PPO,6,14,300345.7732078439,0.18327605956471935,0.00041778569636203336,0.0022880818548169308,0.0005103017287123322,0.990358126721763
PPO,6,15,455218.50442770927,0.1945945945945946,0.0002796271104409057,0.0023078690907116857,0.0005968823330839287,0.9953703703703703
PPO,6,16,476606.7387728825,0.1932059447983015,0.0005188601060614346,0.0023448777663850158,0.0006351397224543683,0.9987546699875467
PPO,6,17,105084.23006544693,0.7377049180327869,0.00022266499681182402,0.0012431361967990254,0.00023780472695322674,0.8461538461538461
PPO,6,18,423729.33854529215,0.18612521150592218,0.0004976612907613657,0.002315910729019376,0.0005698130914636797,0.9929221435793731
PPO,6,19,436243.22721826396,0.20291363163371487,0.000609603559112479,0.0023083028807892383,0.0006248064147448948,0.9988193624557261
PPO,7,0,0.0,0.0,0.0,0.0,0.0,0.0
PPO,7,1,0.0,0.0,0.0,0.0,0.0,0.0
PPO,7,2,0.0,0.0,0.0,0.0,0.0,0.0
PPO,7,3,0.0,0.0,0.0,0.0,0.0,0.0
PPO,7,4,0.0,0.0,0.0,0.0,0.0,0.0
PPO,7,5,0.0,0.0,0.0,0.0,0.0,0.0
PPO,7,6,0.0,0.0,0.0,0.0,0.0,0.0
PPO,7,7,0.0,0.0,0.0,0.0,0.0,0.0
PPO,7,8,0.0,0.0,0.0,0.0,0.0,0.0
PPO,7,9,0.0,0.0,0.0,0.0,0.0,0.0
PPO,7,10,0.0,0.0,0.0,0.0,0.0,0.0
PPO,7,11,0.0,0.0,0.0,0.0,0.0,0.0
PPO,7,12,0.0,0.0,0.0,0.0,0.0,0.0
PPO,7,13,0.0,0.0,0.0,0.0,0.0,0.0
PPO,7,14,0.0,0.0,0.0,0.0,0.0,0.0
PPO,7,15,0.0,0.0,0.0,0.0,0.0,0.0
PPO,7,16,0.0,0.0,0.0,0.0,0.0,0.0
PPO,7,17,0.0,0.0,0.0,0.0,0.0,0.0
PPO,7,18,0.0,0.0,0.0,0.0,0.0,0.0
PPO,7,19,0.0,0.0,0.0,0.0,0.0,0.0
PPO,8,0,165886.5316900235,0.44,0.00022330014568250057,0.001709686227029129,0.00035218474393228027,0.9371900826446281
PPO,8,1,286373.6901766363,0.40512820512820513,0.0003027042491106418,0.001939637416753972,0.00043039745162316135,0.9696969696969697
PPO,8,2,332827.5118830367,0.3711340206185567,0.00041483929364534097,0.0019521130456107982,0.00046138790326378994,0.9791044776119403
PPO,8,3,349796.2024668787,0.38953488372093026,0.00037390126855557036,0.001932951632992642,0.0004908707854069297,0.9686684073107049
PPO,8,4,363274.7742831053,0.24358974358974358,0.00046206336945175117,0.0022293928454631268,0.0005466808161270782,0.9938513135830073
PPO,8,5,299161.76809437457,0.4208924949290061,0.0003059138862548317,0.0020335007963534586,0.0004885569054899645,0.9841479524438573
PPO,8,6,441441.3538477724,0.24175824175824176,0.0004024761334438171,0.00220235213592914,0.0005994992260610687,0.9944506104328524
PPO,8,7,472855.540192281,0.1529888551165147,0.0003512768793269478,0.0024813822837100423,0.0007447954614622558,0.9981707317073171
PPO,8,8,314109.2460068584,0.3624454148471616,0.0002883936935043298,0.0019200112782782183,0.00048449355704307433,0.975071907957814
PPO,8,9,377450.27408922283,0.3756476683937824,0.00031016953640655823,0.001978771862165141,0.0005039586171470879,0.9673659673659674
PPO,8,10,197332.27211287344,0.4920212765957447,0.00015772582038073494,0.0016659902185299723,0.0003666880087856374,0.9272727272727272
PPO,8,11,475085.30332295946,0.19334389857369255,0.0003982753501575461,0.0023952395993867104,0.0006531053169572869,0.9981801637852593
PPO,8,12,223931.6730237663,0.4128113879003559,0.0003469465971192123,0.001788341217387201,0.0003495486990919438,0.9506172839506173
PPO,8,13,248491.0858731596,0.3482142857142857,0.00038186701702870606,0.0019266656571820732,0.00038832090910508,0.9659090909090909
PPO,8,14,481485.82356112916,0.1337579617834395,0.0002519097364104836,0.002420181345765055,0.0006343578078967801,0.9959349593495935
PPO,8,15,398814.15561507817,0.2896039603960396,0.00038592172203107307,0.0021950151334816153,0.0005500913206816139,0.9938650306748467
PPO,8,16,506042.2261982041,0.30980392156862746,0.0005719510451042165,0.0023234448181937827,0.0007496604007826003,0.9980806142034548
PPO,8,17,104059.37305369454,0.6194029850746269,0.00016645409596241064,0.0013273598069750024,0.0002573930565978837,0.8483290488431876
PPO,8,18,525340.4186645761,0.13221884498480244,0.00034670793410258583,0.0024136291491275177,0.0006992859235660917,0.9952561669829222
PPO,8,19,465342.80656975234,0.19964349376114082,0.0005365153431874657,0.0022857903344036985,0.0006017642415930445,0.9960435212660732
PPO,9,0,0.0,0.0,0.0,0.0,0.0,0.0
PPO,9,1,0.0,0.0,0.0,0.0,0.0,0.0
PPO,9,2,0.0,0.0,0.0,0.0,0.0,0.0
PPO,9,3,0.0,0.0,0.0,0.0,0.0,0.0
PPO,9,4,0.0,0.0,0.0,0.0,0.0,0.0
PPO,9,5,0.0,0.0,0.0,0.0,0.0,0.0
PPO,9,6,0.0,0.0,0.0,0.0,0.0,0.0
PPO,9,7,0.0,0.0,0.0,0.0,0.0,0.0
PPO,9,8,0.0,0.0,0.0,0.0,0.0,0.0
PPO,9,9,0.0,0.0,0.0,0.0,0.0,0.0
PPO,9,10,0.0,0.0,0.0,0.0,0.0,0.0
PPO,9,11,0.0,0.0,0.0,0.0,0.0,0.0
PPO,9,12,0.0,0.0,0.0,0.0,0.0,0.0
PPO,9,13,0.0,0.0,0.0,0.0,0.0,0.0
PPO,9,14,0.0,0.0,0.0,0.0,0.0,0.0
PPO,9,15,0.0,0.0,0.0,0.0,0.0,0.0
PPO,9,16,0.0,0.0,0.0,0.0,0.0,0.0
PPO,9,17,0.0,0.0,0.0,0.0,0.0,0.0
PPO,9,18,0.0,0.0,0.0,0.0,0.0,0.0
PPO,9,19,0.0,0.0,0.0,0.0,0.0,0.0
PPO,0,0,275615.6757765759,0.15636822194199243,0.01490780807867638,0.10608717424016557,0.02377721928344658,0.9987393633785061
PPO,0,1,275316.9423683,0.39779005524861877,0.0126909275860321,0.09031137501793299,0.020226998178133858,0.9751724137931035
PPO,0,2,300744.0734482143,0.23917995444191345,0.014197807994500143,0.10103466066855112,0.02200588331691864,0.9926010244735345
PPO,0,3,224051.2217715742,0.4052044609665427,0.012506041921230985,0.08899568879278474,0.01894056298376433,0.9702878365831012
PPO,0,4,244964.05280862184,0.22076612903225806,0.014338529813962522,0.10203606745497522,0.021508737614324445,0.9934492315444696
PPO,0,5,255880.67894031218,0.21012269938650308,0.014391510413533056,0.10241308881642053,0.02158271449886684,0.9927175162897662
PPO,0,6,239699.98474458486,0.2802653399668325,0.013932236948758251,0.09914479988861107,0.02130245654342195,0.9929548280149192
PPO,0,7,245144.9847621272,0.33881578947368424,0.01338631595597661,0.09525990848291684,0.020035871515423086,0.9868529170090387
PPO,0,8,301662.40779405134,0.0825242718446602,0.015368584969116939,0.1093661618689323,0.025942643419798916,0.997573797007683
PPO,0,9,214130.7576436671,0.5923566878980892,0.01069715098624355,0.07612323116596882,0.017408905093894846,0.9491255961844197
PPO,0,10,265733.89395697904,0.1732283464566929,0.014716139365844044,0.10472321838379012,0.022616167364343416,0.995736306985897
PPO,0,11,242890.02068938126,0.3620689655172414,0.01314102913744013,0.09351439463409583,0.0208722368139134,0.9827956989247312
PPO,0,12,337563.5632409104,0.10662358642972536,0.01523004263900868,0.10838026479833204,0.025149170261422445,0.9983851433185305
PPO,0,13,262856.8964282591,0.07177615571776155,0.015495073396804601,0.11026628077284129,0.022550772896739745,0.9996959562176954
PPO,0,14,201641.12734576702,0.6336633663366337,0.010220477916187687,0.07273112289815822,0.015627602114818694,0.9407407407407408
PPO,0,15,288943.33282887994,0.14173228346456693,0.014966359195609876,0.10650383660335776,0.022617646999303433,0.9972451790633609
PPO,0,16,255472.06011677295,0.3630952380952381,0.01302989560265737,0.09272354445637676,0.018115045558107203,0.9791976225854383
PPO,0,17,258642.63752191092,0.3587570621468927,0.013282913045110152,0.09452407109058295,0.02118857568466552,0.9880028228652082
PPO,0,18,279923.0563698174,0.25382262996941896,0.014096688714812683,0.10031507408770503,0.021672538194711342,0.9923605805958747
PPO,0,19,226999.33113003688,0.27419354838709675,0.013859691196130262,0.09862854868261135,0.021165500122524234,0.988714228133817
PPO,1,0,276937.53695829876,0.12480739599383667,0.015090502556923317,0.10738726750969314,0.021654357887936636,0.9976896418944936
PPO,1,1,282479.11414791254,0.2256857855361596,0.01436479191139521,0.10222295419858965,0.02184631339828242,0.9956372701776254
PPO,1,2,223670.68571208615,0.42533081285444235,0.012503520876179373,0.08897774849302735,0.0186366273982601,0.9754369390647142
PPO,1,3,315676.8395522785,0.06933019976498238,0.015480234095697015,0.11016068110896776,0.02392966256904156,0.9985315712187959
PPO,1,4,287743.7821932808,0.15220293724966621,0.014907148157893927,0.10608247810169487,0.02233505121864369,0.9976643309976644
PPO,1,5,272151.44840986235,0.45604395604395603,0.012188815613364778,0.0867382380382166,0.019438897475695,0.9711736444749485
PPO,1,6,272020.0775500526,0.41,0.012637614678899093,0.08993198888427581,0.020671331014270617,0.9762796504369539
PPO,1,7,312458.2908995131,0.13406593406593406,0.015034190738081874,0.1069865404741904,0.023638284500183415,0.9978034047226798
PPO,1,8,345530.91465404717,0.15505226480836237,0.014847493460698592,0.10565796242358806,0.022576767269050564,0.9960818458859382
PPO,1,9,217517.69659516265,0.5087719298245614,0.01179173812417787,0.08391254907308467,0.018052086847356468,0.9693251533742331
PPO,1,10,286401.18330836535,0.5042016806722689,0.011984293875728086,0.08528281728809305,0.018678997326468185,0.9748427672955975
PPO,1,11,293521.9380364806,0.16292134831460675,0.014812728158135132,0.10541056504021033,0.02254101403628171,0.9967243799719232
PPO,1,12,320948.68411254126,0.21470588235294116,0.014403018404451275,0.10249498215924205,0.02350210769915558,0.994121969140338
PPO,1,13,243662.08741182444,0.3434125269978402,0.013403945083950358,0.09538536115585088,0.021542891599951302,0.9889338731443995
PPO,1,14,88356.20403615355,0.8942307692307693,0.006809249750565789,0.0484560883075988,0.012172745596569166,0.8776978417266187
PPO,1,15,278691.87459050404,0.06846473029045644,0.015510776436365926,0.11037802698564801,0.022548848181561342,0.9994814622763806
PPO,1,16,220240.49078248182,0.5531914893617021,0.01086378536283292,0.07730903729188235,0.018513662986222344,0.9451327433628318
PPO,1,17,307835.8696392727,0.11332007952286283,0.015216514893555431,0.10828399844707529,0.02287825263537759,0.9995032290114257
PPO,1,18,265918.1946361185,0.23694779116465864,0.014255058830704,0.10144206995392052,0.020395093206714125,0.9939819458375125
PPO,1,19,319933.779281698,0.13872832369942195,0.015022318612131566,0.10690205586802701,0.023305472599246348,0.9985556090515166
PPO,2,0,455117.7183824877,0.32054176072234764,0.0161683550492571,0.11505749807316398,0.023507557630078148,0.9988505747126437
PPO,2,1,458979.5418562677,0.18869828456104945,0.01776340679088245,0.1264082299274278,0.02661569195649619,0.9993560849967804
PPO,2,2,421255.6422061629,0.673202614379085,0.013341029949698095,0.09493764350517127,0.02075976190600838,0.978401727861771
PPO,2,3,482880.275346725,0.17981072555205047,0.017642658216688027,0.12554895705765265,0.025181115837397693,0.9979522184300341
PPO,2,4,400550.65979457623,0.5984251968503937,0.01390538740191862,0.09895373272844842,0.02088851655156648,0.9831460674157303
PPO,2,5,479425.1951042077,0.2779220779220779,0.01670030371928411,0.11884295941973824,0.024092014609255866,0.997169143665959
PPO,2,6,304397.23519810993,0.6598639455782312,0.01337866318819979,0.0952054497385946,0.02001551442092433,0.9817767653758542
PPO,2,7,509494.2575611169,0.2696456086286595,0.016819931156282247,0.11969425403567065,0.025090188064976215,0.9982978723404256
PPO,2,8,435624.3823683113,0.18559556786703602,0.017471328164315736,0.12432973549116427,0.02362597767631133,0.9973333333333333
PPO,2,9,453582.0097841096,0.23348017621145375,0.016958216475733253,0.12067832216305888,0.02343330174983194,0.9987063389391979
PPO,2,10,350507.16921695555,0.6017052375152253,0.013269076839240918,0.09442560966854661,0.020595862599336337,0.9739583333333334
PPO,2,11,446540.73547986994,0.24152542372881355,0.016727592969288586,0.11903715560235806,0.024340089518117895,0.9969306322897483
PPO,2,12,329853.70309500344,0.6409774436090225,0.013552225627650457,0.09644055745251105,0.019455461308610478,0.980719794344473
PPO,2,13,464945.702051719,0.18725868725868725,0.01740151232828711,0.12383291095985832,0.023480389188741606,0.9975308641975309
PPO,2,14,447451.6776697625,0.3192982456140351,0.01629117866833575,0.1159315374094119,0.025785173597102983,0.9928443649373881
PPO,2,15,386309.08786794124,0.4351851851851852,0.015428369599880037,0.10979160218230222,0.022435293694676662,0.9919732441471572
PPO,2,16,260394.00587798408,0.8071570576540755,0.010852411940189838,0.07722810156590058,0.017136907882470118,0.9448315911730546
PPO,2,17,425602.36874512816,0.41680960548885077,0.015193025130978912,0.10811684023560886,0.023076914303668716,0.9878141660319878
PPO,2,18,460499.19444411795,0.16100443131462333,0.01767715597590656,0.12579445054494473,0.023393094430208903,0.9960199004975124
PPO,2,19,513955.21068235155,0.2138157894736842,0.017384024613605567,0.12370846461437975,0.02523702518153755,0.997997997997998
PPO,3,0,252461.8340784549,0.1630170316301703,0.014808096855610225,0.10537760769360868,0.022111734671316382,0.9966555183946488
PPO,3,1,257462.41648370237,0.17866666666666667,0.014673837393229956,0.10442218843252375,0.020307743130131194,0.9953364423717521
PPO,3,2,277209.44676764694,0.2375,0.014142083201518477,0.10063811103554379,0.021516367165587042,0.9901093180635085
PPO,3,3,274621.26731571776,0.12124582869855395,0.015107650632236133,0.10750929690824691,0.02273323459671425,0.9974979149291076
PPO,3,4,279433.63900707825,0.16840536512667661,0.014733400879100777,0.10484605503119321,0.02289651157259092,0.9951582867783985
PPO,3,5,271670.2147827888,0.29557522123893804,0.01380654156156471,0.09825032443172246,0.021188621205067853,0.9920389208314905
PPO,3,6,285931.82050095045,0.27111111111111114,0.013982916798481496,0.09950544861843634,0.020695467446812367,0.9922308546059934
PPO,3,7,254780.98625416332,0.12895927601809956,0.015070371223952559,0.10724400860688996,0.023236722628870714,0.9980209216850439
PPO,3,8,261803.42210876156,0.21367521367521367,0.014414458261342161,0.10257639064564425,0.020806311959769955,0.9944468175993165
PPO,3,9,295741.7256557611,0.13664596273291926,0.01501141631019352,0.10682447273848719,0.0235036420355123,0.9976717112922002
PPO,3,10,265579.00834609073,0.16885245901639345,0.014696272708885445,0.10458184297251452,0.021868760592491668,0.9938549774682507
PPO,3,11,180638.19748743626,0.6746031746031746,0.00984656754191711,0.070070296114227,0.016608617525152514,0.9375619425173439
PPO,3,12,295979.7167840976,0.08602150537634409,0.015399373411843942,0.10958525906088196,0.023163130332575846,0.999616122840691
PPO,3,13,279242.06850695715,0.09090909090909091,0.015324707994787226,0.10905392386611652,0.02356064893899498,0.9980837667670408
PPO,3,14,113158.23734394225,0.8428571428571429,0.007600442897817144,0.05408638920945558,0.012927470807299835,0.8948306595365418
PPO,3,15,285754.22615858447,0.10215053763440861,0.015257140961925092,0.10857310230265733,0.02277776534846729,0.9983204568357407
PPO,3,16,267294.10042305075,0.32974910394265233,0.013440009796818057,0.09564200542291701,0.020805944047857013,0.9865711727842436
PPO,3,17,135671.71151564934,0.8284313725490197,0.008078698103727418,0.05748975629688411,0.014146206415429208,0.9094247246022031
PPO,3,18,310890.0869654696,0.29213483146067415,0.013643278865669716,0.09708851191207316,0.022127559951817314,0.9845722300140253
PPO,3,19,279823.80182844057,0.2002262443438914,0.014469152467645118,0.10296560640180179,0.023048417135553292,0.993214588634436
PPO,4,0,493870.8732175418,0.20912547528517111,0.01733118586038367,0.12333245266211292,0.02458176641922436,0.9976662777129521
PPO,4,1,531553.1337341649,0.15,0.01802408665961227,0.12826328403792459,0.02598357868190939,0.998769987699877
PPO,4,2,465762.60666750045,0.1598240469208211,0.01800436376314531,0.12812293165728178,0.02536780169731827,0.999009900990099
PPO,4,3,455915.38740592217,0.2057877813504823,0.017385091538714516,0.12371605708332899,0.024534411757454452,0.9986754966887417
PPO,4,4,457875.1276627159,0.28716216216216217,0.01678493159887028,0.11944518964431905,0.024284728131737852,0.9972801450589301
PPO,4,5,431111.52433081716,0.09191919191919191,0.018617137856141115,0.13248356412789158,0.022328649341710298,0.9992088607594937
PPO,4,6,482198.4332630519,0.20236087689713322,0.01734611193012424,0.12343866979027358,0.02249323909986284,0.9968553459119497
PPO,4,7,460019.83321066387,0.2413793103448276,0.01712907307813982,0.1218941745575846,0.02246362554643684,0.9983361064891847
PPO,4,8,436574.989375254,0.3824175824175824,0.015828140881527866,0.11263646075497558,0.02203871537571331,0.9959100204498977
PPO,4,9,109989.82147612642,0.9932885906040269,0.007042512748916621,0.05011603806139423,0.012650766421020719,0.8754208754208754
PPO,4,10,496397.69199340424,0.32222222222222224,0.01613145378795594,0.11479490074720669,0.02465887740436005,0.9943555973659455
PPO,4,11,492615.1209293886,0.15422885572139303,0.017983846496523303,0.1279769263674643,0.023999707270775383,0.9988674971687429
PPO,4,12,444599.7241035571,0.24346076458752516,0.016955555719046826,0.12065938764520645,0.023952443631842547,0.9965156794425087
PPO,4,13,473635.31760333304,0.3279742765273312,0.0160126173066501,0.11394923474239578,0.023170848229710314,0.9967637540453075
PPO,4,14,320832.1410643365,0.7019064124783362,0.012459149172956084,0.08866198989281353,0.019111648311780152,0.9687674288901282
PPO,4,15,429726.0354490471,0.372,0.015529530806993779,0.11051148712774704,0.022134795609006375,0.9905660377358491
PPO,4,16,496421.3667123845,0.103954802259887,0.01855680272136646,0.13205420630936715,0.02564656568255681,0.9991394148020654
PPO,4,17,491086.56470508414,0.12210796915167095,0.018360528108476347,0.13065747387581944,0.02536818476542284,0.9990601503759399
PPO,4,18,500174.3762587164,0.18274111675126903,0.01748398773992457,0.12441982375875761,0.025905598358377392,0.9973787680209698
PPO,4,19,329311.43880035804,0.6975806451612904,0.012127101527044699,0.08629906730339351,0.018229805095263212,0.9635416666666666
PPO,5,0,299797.56644649134,0.3423728813559322,0.013239749274795026,0.0942169084011979,0.02033262373808149,0.9822184589331076
PPO,5,1,262473.4429714868,0.15402298850574714,0.014883984771296694,0.1059176424520162,0.020782693111209647,0.9971280873061459
PPO,5,2,138827.52746745822,0.7710144927536232,0.008552604431729074,0.0608621758321304,0.01396590451234723,0.9131064446053584
PPO,5,3,234758.15372475787,0.42916666666666664,0.012474296108826317,0.08876977875193949,0.019390442145685895,0.9750260145681582
PPO,5,4,271051.5068814721,0.20203735144312393,0.014537854980237162,0.10345450828366272,0.02177420203717003,0.9961815867628341
PPO,5,5,249652.66078286007,0.35374149659863946,0.013136288998357932,0.09348066278310332,0.019845189989698298,0.9813031161473088
PPO,5,6,262778.81378132675,0.08388520971302428,0.015385670977622536,0.10948774958671335,0.022936075803316747,0.9986206896551724
PPO,5,7,275133.02725867124,0.2579185520361991,0.014097148362179887,0.10031834503740322,0.019878598087921855,0.9932203389830508
PPO,5,8,268273.6279791806,0.08536585365853659,0.01539364086696863,0.10954446503644717,0.022471841116957186,0.9992380952380953
PPO,5,9,278418.5520170553,0.20850202429149797,0.014489918247057062,0.10311338016217451,0.022269414298243296,0.9959534648457259
PPO,5,10,199192.10781676765,0.5714285714285714,0.010825874164914321,0.07703925303936018,0.01659590043155007,0.9485834207764953
PPO,5,11,159098.68536176553,0.5319148936170213,0.01131728445751749,0.08053623455801648,0.01774038217059209,0.9574656623836951
PPO,5,12,275798.8422869701,0.20052083333333334,0.014531348861119871,0.10340820933825245,0.022746063830073448,0.9954456733897202
PPO,5,13,268314.68903399876,0.437125748502994,0.012584606175185194,0.08955476895093437,0.018968956965793395,0.981301421091997
PPO,5,14,299270.87405266747,0.08891213389121339,0.015381797508600486,0.10946018514659707,0.022965881773037714,0.9997385620915032
PPO,5,15,250055.20921358824,0.10864197530864197,0.015157826285633919,0.10786635766838934,0.021188091770666696,0.9962974390620178
PPO,5,16,249187.20319580793,0.3419354838709677,0.01328642426345272,0.09454905767681596,0.01962228264856922,0.983883964544722
PPO,5,17,243125.23474792406,0.10954063604240283,0.0152208396725552,0.10831477450623024,0.021968687607313,0.9988224904327347
PPO,5,18,265831.0981751115,0.14958775029446408,0.01492348778118476,0.10619875438147611,0.0222095250898479,0.9976449808654695
PPO,5,19,226924.4180174656,0.45394736842105265,0.012253575650610206,0.08719908441608744,0.01964447837569366,0.9731506849315068
PPO,6,0,239569.3196125376,0.36097560975609755,0.013140330707324776,0.09350942445491513,0.02077984973356796,0.9829476248477467
PPO,6,1,273645.48501386197,0.20398009950248755,0.014428018087355042,0.10267288528907562,0.021516017770436918,0.9925404061334439
PPO,6,2,213377.24293277325,0.4706927175843694,0.012099617732320461,0.08610348669863238,0.01925489749046937,0.9715934309809143
PPO,6,3,257674.03973111563,0.10616438356164383,0.015213778369078642,0.1082645247493026,0.022422943345315232,0.9977175463623396
PPO,6,4,289923.0431930655,0.24528301886792453,0.0141646720347633,0.10079885803977658,0.02165996636747249,0.9929278642149929
PPO,6,5,191070.59203715605,0.5840978593272171,0.010785113293029428,0.07674918989291994,0.018324531996317714,0.9503437738731857
PPO,6,6,334625.8667656965,0.16261682242990655,0.014814902417607103,0.10542603753906664,0.023066996148447736,0.9967304997664642
PPO,6,7,278011.51248853124,0.2563176895306859,0.014147204707188365,0.10067455677334101,0.022154123043356476,0.9950383400992332
PPO,6,8,259092.92755684265,0.3411214953271028,0.01329839131707401,0.09463421780873879,0.01972250720265937,0.9842381786339754
PPO,6,9,224681.2186439149,0.4188235294117647,0.012622959971714046,0.0898277028305265,0.020134811980560646,0.9782480893592005
PPO,6,10,283333.4853425589,0.1763668430335097,0.01469295933073218,0.10455826425969426,0.022717532439818253,0.9955927721463199
PPO,6,11,333527.57994734164,0.17346938775510204,0.014679464003253914,0.10446222860173197,0.02412598814097553,0.994263862332696
PPO,6,12,216738.07579260622,0.10395314787701318,0.015241576627297434,0.1084623431440432,0.019848771489504966,0.9981705085986096
PPO,6,13,262891.23102444847,0.14427860696517414,0.015000920736400221,0.10674978397405703,0.021134321103162,0.9991711562370493
PPO,6,14,203013.71412102086,0.4896265560165975,0.01184791041229926,0.08431228317792122,0.018139869439723406,0.966839378238342
PPO,6,15,298732.73937573144,0.14838709677419354,0.014840138380055287,0.10560562208504608,0.023831182009821966,0.9940891993551854
PPO,6,16,283440.73611971946,0.32887700534759357,0.013444689370959877,0.0956753062807452,0.020183907689152777,0.9866399465597863
PPO,6,17,288119.4401174391,0.10507880910683012,0.015237147569630074,0.10843082501542246,0.023099037064646135,0.9982494529540481
PPO,6,18,318963.06589768105,0.10863874345549739,0.015197697395118174,0.10815008907388361,0.02407452981746279,0.9977101733725875
PPO,6,19,272862.47887367604,0.12087912087912088,0.01512544715644999,0.10763594080889155,0.022783122081917934,0.9980774512496566
PPO,7,0,268748.3536745011,0.07444444444444444,0.013794673775888722,0.09816587071188546,0.020222171752595365,0.9984496124031008
PPO,7,1,216655.48784708502,0.40310077519379844,0.010870397332126148,0.07735608948995053,0.017376774872361327,0.9740474875759249
PPO,7,2,298833.6727366347,0.16511627906976745,0.012794404863162004,0.09104774161662019,0.01940876634948839,0.9890329012961117
PPO,7,3,345518.46150643245,0.1791767554479419,0.012706841010856755,0.09042461837760207,0.02080847825287147,0.9897435897435898
PPO,7,4,263840.9343374228,0.10132689987937274,0.013526366834569554,0.09625654070955712,0.02036017313594369,0.9972632731253421
PPO,7,5,279136.7587148888,0.0972972972972973,0.01354157738322504,0.09636478225096874,0.02090288868062894,0.9965534219596258
PPO,7,6,317345.211429595,0.0748502994011976,0.013723575716933107,0.09765992160597059,0.021435157912921714,0.9958246346555324
PPO,7,7,266890.09250626556,0.0949367088607595,0.013608776033047228,0.09684298232134586,0.020031690305802024,0.9982668977469671
PPO,7,8,202108.14034833785,0.631578947368421,0.008963408204154814,0.06378554398617714,0.01456282790551396,0.9409660107334525
PPO,7,9,240507.66495293763,0.4300341296928328,0.010794596133213633,0.07681667182678993,0.017685470652570107,0.9761620977353993
PPO,7,10,267493.5434615375,0.5393258426966292,0.009553014961079005,0.06798131270179852,0.01641828970176653,0.9489671931956257
PPO,7,11,301476.1480060309,0.3386243386243386,0.011268135740303333,0.0801864816970151,0.018787904526637676,0.9753208292201382
PPO,7,12,246012.6306581414,0.4,0.010979615218780039,0.07813330750284991,0.016204738997181427,0.976878612716763
PPO,7,13,265529.1522860587,0.3083511777301927,0.011711369798966637,0.08334063075517516,0.01910965624429151,0.9852820932134096
PPO,7,14,220295.7871198261,0.3553615960099751,0.011097037928036785,0.07896891280115598,0.018031639995903948,0.9728735632183908
PPO,7,15,237458.0380620103,0.19247787610619468,0.012589954448317519,0.08959282841485287,0.019267059823225442,0.9893370421882244
PPO,7,16,288499.1572818717,0.09642857142857143,0.013583711088005573,0.09666461477207744,0.020484722251892695,0.9978296256104178
PPO,7,17,300630.8482848421,0.14724919093851133,0.013165568197384446,0.09368901987170718,0.022100743952347856,0.9978858350951374
PPO,7,18,240648.64198343334,0.1906519065190652,0.01269540186309905,0.0903432149375439,0.0184601783046645,0.9927723283427982
PPO,7,19,258006.81979620937,0.108,0.01343283496859854,0.0955909477994586,0.020612039456595264,0.9959404600811907
PPO,8,0,254575.3247980435,0.4094488188976378,0.012636786425107162,0.08992609485184161,0.01974027879924667,0.9763934426229508
PPO,8,1,307883.30522820697,0.0941320293398533,0.01532216832746904,0.10903585104629784,0.024333356776737494,0.9987778796211427
PPO,8,2,193927.70677174712,0.6319290465631929,0.010485153383356283,0.0746146105480145,0.016693525546374828,0.9512465373961219
PPO,8,3,255757.7753276592,0.11790393013100436,0.01511046888318192,0.1075293521891813,0.021924797921126924,0.9967260822117133
PPO,8,4,303652.76315372123,0.12202852614896989,0.015128414797820717,0.10765705918427683,0.024269588932226614,0.9984158415841584
PPO,8,5,231849.6985036238,0.33242876526458615,0.013384373751157343,0.09524608733496634,0.02034201493174441,0.9854187860291624
PPO,8,6,289607.85593641415,0.1857707509881423,0.014623630636724998,0.10406490633596957,0.022163911888936762,0.9950641658440277
PPO,8,7,259293.6994180796,0.6416666666666667,0.010467415374881354,0.07448838305797542,0.01787628869941344,0.9521829521829522
PPO,8,8,262887.51156539307,0.10204081632653061,0.015251669191961225,0.1085341640086778,0.023271101598269325,0.9981208053691275
PPO,8,9,201149.34579771536,0.5555555555555556,0.011265311332745,0.08016638260429912,0.017546970725530776,0.9612856099342586
PPO,8,10,274877.87414795446,0.061200923787528866,0.015557863481971775,0.11071310854728873,0.023503032752497186,0.9994227994227994
PPO,8,11,141786.93783449943,0.7079646017699115,0.009597052573818632,0.06829469384214958,0.015296908729265979,0.9359823399558499
PPO,8,12,272865.0774087459,0.14756944444444445,0.014886013128756703,0.10593207668072026,0.02295988151321822,0.9956616052060737
PPO,8,13,192148.30473948448,0.5553435114503816,0.011215228053736972,0.07980997920021707,0.01785781063110853,0.9594659036719122
PPO,8,14,274808.7481281962,0.11885245901639344,0.015121699659269454,0.10760927281154031,0.023473481748001207,0.9974391805377721
PPO,8,15,168880.59250822148,0.4533898305084746,0.012214375144102622,0.08692012516585956,0.018794006768744126,0.9716706380725444
PPO,8,16,227663.41094296364,0.40954773869346733,0.012645877282648574,0.0899907873527715,0.020372129432328065,0.9767733835530445
PPO,8,17,262060.51547649922,0.1459227467811159,0.014917421688415549,0.10615558675836333,0.022578129895746313,0.9965138106731027
PPO,8,18,273327.39368580515,0.10477453580901856,0.015240241437210993,0.1084528416437153,0.02239679684902245,0.998342724560822
PPO,8,19,250397.49743051088,0.11376564277588168,0.015171031761884722,0.10796033068256669,0.02171821320045614,0.9980096673301109
PPO,9,0,283019.8446952519,0.09115646258503401,0.012026919967445105,0.08558615374072884,0.01668433511747711,0.9946638207043756
PPO,9,1,194802.43684792652,0.417910447761194,0.009184787277058369,0.06536092516604605,0.013676677686896314,0.9555765595463138
PPO,9,2,243919.75057323993,0.436046511627907,0.009328106958468169,0.06638081889780921,0.013043266237724114,0.9623115577889447
PPO,9,3,253950.03231129417,0.26902654867256637,0.010164278713916947,0.07233119726643614,0.014932637786885635,0.9706457925636007
PPO,9,4,271252.8273426296,0.2605042016806723,0.010610446897029242,0.07550622618634521,0.016892873482013727,0.9858623939679547
PPO,9,5,256173.56725973744,0.21419354838709678,0.010858973750438913,0.07727479682140372,0.015835108936846302,0.9858712715855573
PPO,9,6,320706.7920336913,0.1952662721893491,0.01106654327224995,0.07875190626037015,0.016291483331854026,0.9888268156424581
PPO,9,7,223187.75721081143,0.14903846153846154,0.0114371477128332,0.0813892073079045,0.013631293379575613,0.9911504424778761
PPO,9,8,273793.3275333116,0.20937042459736457,0.010977993941449183,0.0781217701440521,0.01703414985673908,0.9892183288409704
PPO,9,9,282651.80980308284,0.2503401360544218,0.010684805370031558,0.07603537710108742,0.016988970800003014,0.9868012422360248
PPO,9,10,210802.557718115,0.5463917525773195,0.008532950411262251,0.060722313587943916,0.013159981190006772,0.9434697855750487
PPO,9,11,415521.157269507,0.1511627906976744,0.011402720658019623,0.08114421696839198,0.019475491690425964,0.9900199600798403
PPO,9,12,296381.53025902575,0.128,0.011777936666709342,0.08381433492815435,0.017693189681523683,0.9976905311778291
PPO,9,13,296497.8876738341,0.06675062972292191,0.012365420243371394,0.08799499463558152,0.01696707282327087,0.9979035639412998
PPO,9,14,337907.8527495582,0.2680851063829787,0.01021589776342572,0.07269852954429014,0.016738619836593,0.971764705882353
PPO,9,15,376405.2038685469,0.17251461988304093,0.011360761789121885,0.08084562861709416,0.01793752176449073,0.9942307692307693
PPO,9,16,197104.97157545696,0.592,0.008094873854350614,0.057604866423454894,0.012530528453222388,0.9310344827586207
PPO,9,17,88256.81228722956,0.9045226130653267,0.005676420892482337,0.040394634080556074,0.009667814351517853,0.8581081081081081
PPO,9,18,191603.4792486937,0.06738868832731648,0.01236035149353718,0.08795892431967721,0.01437441441213412,0.998
PPO,9,19,229719.17419078763,0.08496732026143791,0.012089067278287475,0.08602840739459212,0.016482732030184893,0.99479618386817
